token_address,from_address,to_address,value,transaction_hash,log_index,block_number
0x749cda693c2f29bf894df5b7060034cb675ee631,0x0000000000000000000000000000000000000000,0x398f35d2e38421e7da5dbe8b4de49a1c10eef825,1,0x31f934520ecddaf5f289403493fe2d9a74fc4bba94b4375e97985dfbfb8ed00d,321,14629519
0x749cda693c2f29bf894df5b7060034cb675ee631,0x0000000000000000000000000000000000000000,0x398f35d2e38421e7da5dbe8b4de49a1c10eef825,2,0x31f934520ecddaf5f289403493fe2d9a74fc4bba94b4375e97985dfbfb8ed00d,322,14629519
0x749cda693c2f29bf894df5b7060034cb675ee631,0x0000000000000000000000000000000000000000,0x398f35d2e38421e7da5dbe8b4de49a1c10eef825,3,0x31f934520ecddaf5f289403493fe2d9a74fc4bba94b4375e97985dfbfb8ed00d,323,14629519
0x749cda693c2f29bf894df5b7060034cb675ee631,0x0000000000000000000000000000000000000000,0x398f35d2e38421e7da5dbe8b4de49a1c10eef825,4,0x31f934520ecddaf5f289403493fe2d9a74fc4bba94b4375e97985dfbfb8ed00d,324,14629519
0x749cda693c2f29bf894df5b7060034cb675ee631,0x0000000000000000000000000000000000000000,0x398f35d2e38421e7da5dbe8b4de49a1c10eef825,5,0x31f934520ecddaf5f289403493fe2d9a74fc4bba94b4375e97985dfbfb8ed00d,325,14629519
0x749cda693c2f29bf894df5b7060034cb675ee631,0x0000000000000000000000000000000000000000,0x398f35d2e38421e7da5dbe8b4de49a1c10eef825,6,0x31f934520ecddaf5f289403493fe2d9a74fc4bba94b4375e97985dfbfb8ed00d,326,14629519
0x749cda693c2f29bf894df5b7060034cb675ee631,0x0000000000000000000000000000000000000000,0x398f35d2e38421e7da5dbe8b4de49a1c10eef825,7,0x31f934520ecddaf5f289403493fe2d9a74fc4bba94b4375e97985dfbfb8ed00d,327,14629519
0x749cda693c2f29bf894df5b7060034cb675ee631,0x0000000000000000000000000000000000000000,0x398f35d2e38421e7da5dbe8b4de49a1c10eef825,8,0x31f934520ecddaf5f289403493fe2d9a74fc4bba94b4375e97985dfbfb8ed00d,328,14629519
0x749cda693c2f29bf894df5b7060034cb675ee631,0x0000000000000000000000000000000000000000,0x398f35d2e38421e7da5dbe8b4de49a1c10eef825,9,0x31f934520ecddaf5f289403493fe2d9a74fc4bba94b4375e97985dfbfb8ed00d,329,14629519
0x749cda693c2f29bf894df5b7060034cb675ee631,0x0000000000000000000000000000000000000000,0x398f35d2e38421e7da5dbe8b4de49a1c10eef825,10,0x31f934520ecddaf5f289403493fe2d9a74fc4bba94b4375e97985dfbfb8ed00d,330,14629519
0x749cda693c2f29bf894df5b7060034cb675ee631,0x0000000000000000000000000000000000000000,0x398f35d2e38421e7da5dbe8b4de49a1c10eef825,11,0xe9f33b76e7858f591fbf425f5a755641ccd0630cca7acd1c8f0a22a6dedae303,184,14629548
0x749cda693c2f29bf894df5b7060034cb675ee631,0x0000000000000000000000000000000000000000,0x398f35d2e38421e7da5dbe8b4de49a1c10eef825,12,0xe9f33b76e7858f591fbf425f5a755641ccd0630cca7acd1c8f0a22a6dedae303,185,14629548
0x749cda693c2f29bf894df5b7060034cb675ee631,0x0000000000000000000000000000000000000000,0x398f35d2e38421e7da5dbe8b4de49a1c10eef825,13,0xe9f33b76e7858f591fbf425f5a755641ccd0630cca7acd1c8f0a22a6dedae303,186,14629548
0x749cda693c2f29bf894df5b7060034cb675ee631,0x0000000000000000000000000000000000000000,0x398f35d2e38421e7da5dbe8b4de49a1c10eef825,14,0xe9f33b76e7858f591fbf425f5a755641ccd0630cca7acd1c8f0a22a6dedae303,187,14629548
0x749cda693c2f29bf894df5b7060034cb675ee631,0x0000000000000000000000000000000000000000,0x398f35d2e38421e7da5dbe8b4de49a1c10eef825,15,0xe9f33b76e7858f591fbf425f5a755641ccd0630cca7acd1c8f0a22a6dedae303,188,14629548
0x749cda693c2f29bf894df5b7060034cb675ee631,0x0000000000000000000000000000000000000000,0x398f35d2e38421e7da5dbe8b4de49a1c10eef825,16,0xe9f33b76e7858f591fbf425f5a755641ccd0630cca7acd1c8f0a22a6dedae303,189,14629548
0x749cda693c2f29bf894df5b7060034cb675ee631,0x0000000000000000000000000000000000000000,0x398f35d2e38421e7da5dbe8b4de49a1c10eef825,17,0xe9f33b76e7858f591fbf425f5a755641ccd0630cca7acd1c8f0a22a6dedae303,190,14629548
0x749cda693c2f29bf894df5b7060034cb675ee631,0x0000000000000000000000000000000000000000,0x398f35d2e38421e7da5dbe8b4de49a1c10eef825,18,0xe9f33b76e7858f591fbf425f5a755641ccd0630cca7acd1c8f0a22a6dedae303,191,14629548
0x749cda693c2f29bf894df5b7060034cb675ee631,0x0000000000000000000000000000000000000000,0x398f35d2e38421e7da5dbe8b4de49a1c10eef825,19,0xe9f33b76e7858f591fbf425f5a755641ccd0630cca7acd1c8f0a22a6dedae303,192,14629548
0x749cda693c2f29bf894df5b7060034cb675ee631,0x0000000000000000000000000000000000000000,0x398f35d2e38421e7da5dbe8b4de49a1c10eef825,20,0xe9f33b76e7858f591fbf425f5a755641ccd0630cca7acd1c8f0a22a6dedae303,193,14629548
0x749cda693c2f29bf894df5b7060034cb675ee631,0x0000000000000000000000000000000000000000,0x398f35d2e38421e7da5dbe8b4de49a1c10eef825,21,0xe9f33b76e7858f591fbf425f5a755641ccd0630cca7acd1c8f0a22a6dedae303,194,14629548
0x749cda693c2f29bf894df5b7060034cb675ee631,0x0000000000000000000000000000000000000000,0x398f35d2e38421e7da5dbe8b4de49a1c10eef825,22,0xe9f33b76e7858f591fbf425f5a755641ccd0630cca7acd1c8f0a22a6dedae303,195,14629548
0x749cda693c2f29bf894df5b7060034cb675ee631,0x0000000000000000000000000000000000000000,0x398f35d2e38421e7da5dbe8b4de49a1c10eef825,23,0xe9f33b76e7858f591fbf425f5a755641ccd0630cca7acd1c8f0a22a6dedae303,196,14629548
0x749cda693c2f29bf894df5b7060034cb675ee631,0x0000000000000000000000000000000000000000,0x398f35d2e38421e7da5dbe8b4de49a1c10eef825,24,0xe9f33b76e7858f591fbf425f5a755641ccd0630cca7acd1c8f0a22a6dedae303,197,14629548
0x749cda693c2f29bf894df5b7060034cb675ee631,0x0000000000000000000000000000000000000000,0x398f35d2e38421e7da5dbe8b4de49a1c10eef825,25,0xe9f33b76e7858f591fbf425f5a755641ccd0630cca7acd1c8f0a22a6dedae303,198,14629548
0x749cda693c2f29bf894df5b7060034cb675ee631,0x0000000000000000000000000000000000000000,0x398f35d2e38421e7da5dbe8b4de49a1c10eef825,26,0xe9f33b76e7858f591fbf425f5a755641ccd0630cca7acd1c8f0a22a6dedae303,199,14629548
0x749cda693c2f29bf894df5b7060034cb675ee631,0x0000000000000000000000000000000000000000,0x398f35d2e38421e7da5dbe8b4de49a1c10eef825,27,0xe9f33b76e7858f591fbf425f5a755641ccd0630cca7acd1c8f0a22a6dedae303,200,14629548
0x749cda693c2f29bf894df5b7060034cb675ee631,0x0000000000000000000000000000000000000000,0x398f35d2e38421e7da5dbe8b4de49a1c10eef825,28,0xe9f33b76e7858f591fbf425f5a755641ccd0630cca7acd1c8f0a22a6dedae303,201,14629548
0x749cda693c2f29bf894df5b7060034cb675ee631,0x0000000000000000000000000000000000000000,0x398f35d2e38421e7da5dbe8b4de49a1c10eef825,29,0xe9f33b76e7858f591fbf425f5a755641ccd0630cca7acd1c8f0a22a6dedae303,202,14629548
0x749cda693c2f29bf894df5b7060034cb675ee631,0x0000000000000000000000000000000000000000,0x398f35d2e38421e7da5dbe8b4de49a1c10eef825,30,0xe9f33b76e7858f591fbf425f5a755641ccd0630cca7acd1c8f0a22a6dedae303,203,14629548
0x749cda693c2f29bf894df5b7060034cb675ee631,0x0000000000000000000000000000000000000000,0x398f35d2e38421e7da5dbe8b4de49a1c10eef825,31,0xe9f33b76e7858f591fbf425f5a755641ccd0630cca7acd1c8f0a22a6dedae303,204,14629548
0x749cda693c2f29bf894df5b7060034cb675ee631,0x0000000000000000000000000000000000000000,0x398f35d2e38421e7da5dbe8b4de49a1c10eef825,32,0xe9f33b76e7858f591fbf425f5a755641ccd0630cca7acd1c8f0a22a6dedae303,205,14629548
0x749cda693c2f29bf894df5b7060034cb675ee631,0x0000000000000000000000000000000000000000,0x398f35d2e38421e7da5dbe8b4de49a1c10eef825,33,0xe9f33b76e7858f591fbf425f5a755641ccd0630cca7acd1c8f0a22a6dedae303,206,14629548
0x749cda693c2f29bf894df5b7060034cb675ee631,0x0000000000000000000000000000000000000000,0x398f35d2e38421e7da5dbe8b4de49a1c10eef825,34,0xe9f33b76e7858f591fbf425f5a755641ccd0630cca7acd1c8f0a22a6dedae303,207,14629548
0x749cda693c2f29bf894df5b7060034cb675ee631,0x0000000000000000000000000000000000000000,0x398f35d2e38421e7da5dbe8b4de49a1c10eef825,35,0xe9f33b76e7858f591fbf425f5a755641ccd0630cca7acd1c8f0a22a6dedae303,208,14629548
0x749cda693c2f29bf894df5b7060034cb675ee631,0x0000000000000000000000000000000000000000,0x398f35d2e38421e7da5dbe8b4de49a1c10eef825,36,0xe9f33b76e7858f591fbf425f5a755641ccd0630cca7acd1c8f0a22a6dedae303,209,14629548
0x749cda693c2f29bf894df5b7060034cb675ee631,0x0000000000000000000000000000000000000000,0x398f35d2e38421e7da5dbe8b4de49a1c10eef825,37,0xe9f33b76e7858f591fbf425f5a755641ccd0630cca7acd1c8f0a22a6dedae303,210,14629548
0x749cda693c2f29bf894df5b7060034cb675ee631,0x0000000000000000000000000000000000000000,0x398f35d2e38421e7da5dbe8b4de49a1c10eef825,38,0xe9f33b76e7858f591fbf425f5a755641ccd0630cca7acd1c8f0a22a6dedae303,211,14629548
0x749cda693c2f29bf894df5b7060034cb675ee631,0x0000000000000000000000000000000000000000,0x398f35d2e38421e7da5dbe8b4de49a1c10eef825,39,0xe9f33b76e7858f591fbf425f5a755641ccd0630cca7acd1c8f0a22a6dedae303,212,14629548
0x749cda693c2f29bf894df5b7060034cb675ee631,0x0000000000000000000000000000000000000000,0x398f35d2e38421e7da5dbe8b4de49a1c10eef825,40,0xe9f33b76e7858f591fbf425f5a755641ccd0630cca7acd1c8f0a22a6dedae303,213,14629548
0x749cda693c2f29bf894df5b7060034cb675ee631,0x0000000000000000000000000000000000000000,0x398f35d2e38421e7da5dbe8b4de49a1c10eef825,41,0xe9f33b76e7858f591fbf425f5a755641ccd0630cca7acd1c8f0a22a6dedae303,214,14629548
0x749cda693c2f29bf894df5b7060034cb675ee631,0x0000000000000000000000000000000000000000,0x398f35d2e38421e7da5dbe8b4de49a1c10eef825,42,0xe9f33b76e7858f591fbf425f5a755641ccd0630cca7acd1c8f0a22a6dedae303,215,14629548
0x749cda693c2f29bf894df5b7060034cb675ee631,0x0000000000000000000000000000000000000000,0x398f35d2e38421e7da5dbe8b4de49a1c10eef825,43,0xe9f33b76e7858f591fbf425f5a755641ccd0630cca7acd1c8f0a22a6dedae303,216,14629548
0x749cda693c2f29bf894df5b7060034cb675ee631,0x0000000000000000000000000000000000000000,0x398f35d2e38421e7da5dbe8b4de49a1c10eef825,44,0xe9f33b76e7858f591fbf425f5a755641ccd0630cca7acd1c8f0a22a6dedae303,217,14629548
0x749cda693c2f29bf894df5b7060034cb675ee631,0x0000000000000000000000000000000000000000,0x398f35d2e38421e7da5dbe8b4de49a1c10eef825,45,0xe9f33b76e7858f591fbf425f5a755641ccd0630cca7acd1c8f0a22a6dedae303,218,14629548
0x749cda693c2f29bf894df5b7060034cb675ee631,0x0000000000000000000000000000000000000000,0x398f35d2e38421e7da5dbe8b4de49a1c10eef825,46,0xe9f33b76e7858f591fbf425f5a755641ccd0630cca7acd1c8f0a22a6dedae303,219,14629548
0x749cda693c2f29bf894df5b7060034cb675ee631,0x0000000000000000000000000000000000000000,0x398f35d2e38421e7da5dbe8b4de49a1c10eef825,47,0xe9f33b76e7858f591fbf425f5a755641ccd0630cca7acd1c8f0a22a6dedae303,220,14629548
0x749cda693c2f29bf894df5b7060034cb675ee631,0x0000000000000000000000000000000000000000,0x398f35d2e38421e7da5dbe8b4de49a1c10eef825,48,0xe9f33b76e7858f591fbf425f5a755641ccd0630cca7acd1c8f0a22a6dedae303,221,14629548
0x749cda693c2f29bf894df5b7060034cb675ee631,0x0000000000000000000000000000000000000000,0x398f35d2e38421e7da5dbe8b4de49a1c10eef825,49,0xe9f33b76e7858f591fbf425f5a755641ccd0630cca7acd1c8f0a22a6dedae303,222,14629548
0x749cda693c2f29bf894df5b7060034cb675ee631,0x0000000000000000000000000000000000000000,0x398f35d2e38421e7da5dbe8b4de49a1c10eef825,50,0xe9f33b76e7858f591fbf425f5a755641ccd0630cca7acd1c8f0a22a6dedae303,223,14629548
0x749cda693c2f29bf894df5b7060034cb675ee631,0x0000000000000000000000000000000000000000,0x398f35d2e38421e7da5dbe8b4de49a1c10eef825,51,0xe9f33b76e7858f591fbf425f5a755641ccd0630cca7acd1c8f0a22a6dedae303,224,14629548
0x749cda693c2f29bf894df5b7060034cb675ee631,0x0000000000000000000000000000000000000000,0x398f35d2e38421e7da5dbe8b4de49a1c10eef825,52,0xe9f33b76e7858f591fbf425f5a755641ccd0630cca7acd1c8f0a22a6dedae303,225,14629548
0x749cda693c2f29bf894df5b7060034cb675ee631,0x0000000000000000000000000000000000000000,0x398f35d2e38421e7da5dbe8b4de49a1c10eef825,53,0xe9f33b76e7858f591fbf425f5a755641ccd0630cca7acd1c8f0a22a6dedae303,226,14629548
0x749cda693c2f29bf894df5b7060034cb675ee631,0x0000000000000000000000000000000000000000,0x398f35d2e38421e7da5dbe8b4de49a1c10eef825,54,0xe9f33b76e7858f591fbf425f5a755641ccd0630cca7acd1c8f0a22a6dedae303,227,14629548
0x749cda693c2f29bf894df5b7060034cb675ee631,0x0000000000000000000000000000000000000000,0x398f35d2e38421e7da5dbe8b4de49a1c10eef825,55,0xe9f33b76e7858f591fbf425f5a755641ccd0630cca7acd1c8f0a22a6dedae303,228,14629548
0x749cda693c2f29bf894df5b7060034cb675ee631,0x0000000000000000000000000000000000000000,0x398f35d2e38421e7da5dbe8b4de49a1c10eef825,56,0xe9f33b76e7858f591fbf425f5a755641ccd0630cca7acd1c8f0a22a6dedae303,229,14629548
0x749cda693c2f29bf894df5b7060034cb675ee631,0x0000000000000000000000000000000000000000,0x398f35d2e38421e7da5dbe8b4de49a1c10eef825,57,0xe9f33b76e7858f591fbf425f5a755641ccd0630cca7acd1c8f0a22a6dedae303,230,14629548
0x749cda693c2f29bf894df5b7060034cb675ee631,0x0000000000000000000000000000000000000000,0x398f35d2e38421e7da5dbe8b4de49a1c10eef825,58,0xe9f33b76e7858f591fbf425f5a755641ccd0630cca7acd1c8f0a22a6dedae303,231,14629548
0x749cda693c2f29bf894df5b7060034cb675ee631,0x0000000000000000000000000000000000000000,0x398f35d2e38421e7da5dbe8b4de49a1c10eef825,59,0xe9f33b76e7858f591fbf425f5a755641ccd0630cca7acd1c8f0a22a6dedae303,232,14629548
0x749cda693c2f29bf894df5b7060034cb675ee631,0x0000000000000000000000000000000000000000,0x398f35d2e38421e7da5dbe8b4de49a1c10eef825,60,0xe9f33b76e7858f591fbf425f5a755641ccd0630cca7acd1c8f0a22a6dedae303,233,14629548
0x749cda693c2f29bf894df5b7060034cb675ee631,0x0000000000000000000000000000000000000000,0x398f35d2e38421e7da5dbe8b4de49a1c10eef825,61,0xe9f33b76e7858f591fbf425f5a755641ccd0630cca7acd1c8f0a22a6dedae303,234,14629548
0x749cda693c2f29bf894df5b7060034cb675ee631,0x0000000000000000000000000000000000000000,0x398f35d2e38421e7da5dbe8b4de49a1c10eef825,62,0xe9f33b76e7858f591fbf425f5a755641ccd0630cca7acd1c8f0a22a6dedae303,235,14629548
0x749cda693c2f29bf894df5b7060034cb675ee631,0x0000000000000000000000000000000000000000,0x398f35d2e38421e7da5dbe8b4de49a1c10eef825,63,0xe9f33b76e7858f591fbf425f5a755641ccd0630cca7acd1c8f0a22a6dedae303,236,14629548
0x749cda693c2f29bf894df5b7060034cb675ee631,0x0000000000000000000000000000000000000000,0x398f35d2e38421e7da5dbe8b4de49a1c10eef825,64,0xe9f33b76e7858f591fbf425f5a755641ccd0630cca7acd1c8f0a22a6dedae303,237,14629548
0x749cda693c2f29bf894df5b7060034cb675ee631,0x0000000000000000000000000000000000000000,0x398f35d2e38421e7da5dbe8b4de49a1c10eef825,65,0xe9f33b76e7858f591fbf425f5a755641ccd0630cca7acd1c8f0a22a6dedae303,238,14629548
0x749cda693c2f29bf894df5b7060034cb675ee631,0x0000000000000000000000000000000000000000,0x398f35d2e38421e7da5dbe8b4de49a1c10eef825,66,0xe9f33b76e7858f591fbf425f5a755641ccd0630cca7acd1c8f0a22a6dedae303,239,14629548
0x749cda693c2f29bf894df5b7060034cb675ee631,0x0000000000000000000000000000000000000000,0x398f35d2e38421e7da5dbe8b4de49a1c10eef825,67,0xe9f33b76e7858f591fbf425f5a755641ccd0630cca7acd1c8f0a22a6dedae303,240,14629548
0x749cda693c2f29bf894df5b7060034cb675ee631,0x0000000000000000000000000000000000000000,0x398f35d2e38421e7da5dbe8b4de49a1c10eef825,68,0xe9f33b76e7858f591fbf425f5a755641ccd0630cca7acd1c8f0a22a6dedae303,241,14629548
0x749cda693c2f29bf894df5b7060034cb675ee631,0x0000000000000000000000000000000000000000,0x398f35d2e38421e7da5dbe8b4de49a1c10eef825,69,0xe9f33b76e7858f591fbf425f5a755641ccd0630cca7acd1c8f0a22a6dedae303,242,14629548
0x749cda693c2f29bf894df5b7060034cb675ee631,0x0000000000000000000000000000000000000000,0x398f35d2e38421e7da5dbe8b4de49a1c10eef825,70,0xe9f33b76e7858f591fbf425f5a755641ccd0630cca7acd1c8f0a22a6dedae303,243,14629548
0x749cda693c2f29bf894df5b7060034cb675ee631,0x0000000000000000000000000000000000000000,0x398f35d2e38421e7da5dbe8b4de49a1c10eef825,71,0xe9f33b76e7858f591fbf425f5a755641ccd0630cca7acd1c8f0a22a6dedae303,244,14629548
0x749cda693c2f29bf894df5b7060034cb675ee631,0x0000000000000000000000000000000000000000,0x398f35d2e38421e7da5dbe8b4de49a1c10eef825,72,0xe9f33b76e7858f591fbf425f5a755641ccd0630cca7acd1c8f0a22a6dedae303,245,14629548
0x749cda693c2f29bf894df5b7060034cb675ee631,0x0000000000000000000000000000000000000000,0x398f35d2e38421e7da5dbe8b4de49a1c10eef825,73,0xe9f33b76e7858f591fbf425f5a755641ccd0630cca7acd1c8f0a22a6dedae303,246,14629548
0x749cda693c2f29bf894df5b7060034cb675ee631,0x0000000000000000000000000000000000000000,0x398f35d2e38421e7da5dbe8b4de49a1c10eef825,74,0xe9f33b76e7858f591fbf425f5a755641ccd0630cca7acd1c8f0a22a6dedae303,247,14629548
0x749cda693c2f29bf894df5b7060034cb675ee631,0x0000000000000000000000000000000000000000,0x398f35d2e38421e7da5dbe8b4de49a1c10eef825,75,0xe9f33b76e7858f591fbf425f5a755641ccd0630cca7acd1c8f0a22a6dedae303,248,14629548
0x749cda693c2f29bf894df5b7060034cb675ee631,0x0000000000000000000000000000000000000000,0x398f35d2e38421e7da5dbe8b4de49a1c10eef825,76,0xe9f33b76e7858f591fbf425f5a755641ccd0630cca7acd1c8f0a22a6dedae303,249,14629548
0x749cda693c2f29bf894df5b7060034cb675ee631,0x0000000000000000000000000000000000000000,0x398f35d2e38421e7da5dbe8b4de49a1c10eef825,77,0xe9f33b76e7858f591fbf425f5a755641ccd0630cca7acd1c8f0a22a6dedae303,250,14629548
0x749cda693c2f29bf894df5b7060034cb675ee631,0x0000000000000000000000000000000000000000,0x398f35d2e38421e7da5dbe8b4de49a1c10eef825,78,0xe9f33b76e7858f591fbf425f5a755641ccd0630cca7acd1c8f0a22a6dedae303,251,14629548
0x749cda693c2f29bf894df5b7060034cb675ee631,0x0000000000000000000000000000000000000000,0x398f35d2e38421e7da5dbe8b4de49a1c10eef825,79,0xe9f33b76e7858f591fbf425f5a755641ccd0630cca7acd1c8f0a22a6dedae303,252,14629548
0x749cda693c2f29bf894df5b7060034cb675ee631,0x0000000000000000000000000000000000000000,0x398f35d2e38421e7da5dbe8b4de49a1c10eef825,80,0xe9f33b76e7858f591fbf425f5a755641ccd0630cca7acd1c8f0a22a6dedae303,253,14629548
0x749cda693c2f29bf894df5b7060034cb675ee631,0x0000000000000000000000000000000000000000,0x398f35d2e38421e7da5dbe8b4de49a1c10eef825,81,0xe9f33b76e7858f591fbf425f5a755641ccd0630cca7acd1c8f0a22a6dedae303,254,14629548
0x749cda693c2f29bf894df5b7060034cb675ee631,0x0000000000000000000000000000000000000000,0x398f35d2e38421e7da5dbe8b4de49a1c10eef825,82,0xe9f33b76e7858f591fbf425f5a755641ccd0630cca7acd1c8f0a22a6dedae303,255,14629548
0x749cda693c2f29bf894df5b7060034cb675ee631,0x0000000000000000000000000000000000000000,0x398f35d2e38421e7da5dbe8b4de49a1c10eef825,83,0xe9f33b76e7858f591fbf425f5a755641ccd0630cca7acd1c8f0a22a6dedae303,256,14629548
0x749cda693c2f29bf894df5b7060034cb675ee631,0x0000000000000000000000000000000000000000,0x398f35d2e38421e7da5dbe8b4de49a1c10eef825,84,0xe9f33b76e7858f591fbf425f5a755641ccd0630cca7acd1c8f0a22a6dedae303,257,14629548
0x749cda693c2f29bf894df5b7060034cb675ee631,0x0000000000000000000000000000000000000000,0x398f35d2e38421e7da5dbe8b4de49a1c10eef825,85,0xe9f33b76e7858f591fbf425f5a755641ccd0630cca7acd1c8f0a22a6dedae303,258,14629548
0x749cda693c2f29bf894df5b7060034cb675ee631,0x0000000000000000000000000000000000000000,0x398f35d2e38421e7da5dbe8b4de49a1c10eef825,86,0xe9f33b76e7858f591fbf425f5a755641ccd0630cca7acd1c8f0a22a6dedae303,259,14629548
0x749cda693c2f29bf894df5b7060034cb675ee631,0x0000000000000000000000000000000000000000,0x398f35d2e38421e7da5dbe8b4de49a1c10eef825,87,0xe9f33b76e7858f591fbf425f5a755641ccd0630cca7acd1c8f0a22a6dedae303,260,14629548
0x749cda693c2f29bf894df5b7060034cb675ee631,0x0000000000000000000000000000000000000000,0x398f35d2e38421e7da5dbe8b4de49a1c10eef825,88,0xe9f33b76e7858f591fbf425f5a755641ccd0630cca7acd1c8f0a22a6dedae303,261,14629548
0x749cda693c2f29bf894df5b7060034cb675ee631,0x0000000000000000000000000000000000000000,0x398f35d2e38421e7da5dbe8b4de49a1c10eef825,89,0xe9f33b76e7858f591fbf425f5a755641ccd0630cca7acd1c8f0a22a6dedae303,262,14629548
0x749cda693c2f29bf894df5b7060034cb675ee631,0x0000000000000000000000000000000000000000,0x398f35d2e38421e7da5dbe8b4de49a1c10eef825,90,0xe9f33b76e7858f591fbf425f5a755641ccd0630cca7acd1c8f0a22a6dedae303,263,14629548
0x749cda693c2f29bf894df5b7060034cb675ee631,0x0000000000000000000000000000000000000000,0x398f35d2e38421e7da5dbe8b4de49a1c10eef825,91,0xe9f33b76e7858f591fbf425f5a755641ccd0630cca7acd1c8f0a22a6dedae303,264,14629548
0x749cda693c2f29bf894df5b7060034cb675ee631,0x0000000000000000000000000000000000000000,0x398f35d2e38421e7da5dbe8b4de49a1c10eef825,92,0xe9f33b76e7858f591fbf425f5a755641ccd0630cca7acd1c8f0a22a6dedae303,265,14629548
0x749cda693c2f29bf894df5b7060034cb675ee631,0x0000000000000000000000000000000000000000,0x398f35d2e38421e7da5dbe8b4de49a1c10eef825,93,0xe9f33b76e7858f591fbf425f5a755641ccd0630cca7acd1c8f0a22a6dedae303,266,14629548
0x749cda693c2f29bf894df5b7060034cb675ee631,0x0000000000000000000000000000000000000000,0x398f35d2e38421e7da5dbe8b4de49a1c10eef825,94,0xe9f33b76e7858f591fbf425f5a755641ccd0630cca7acd1c8f0a22a6dedae303,267,14629548
0x749cda693c2f29bf894df5b7060034cb675ee631,0x0000000000000000000000000000000000000000,0x398f35d2e38421e7da5dbe8b4de49a1c10eef825,95,0xe9f33b76e7858f591fbf425f5a755641ccd0630cca7acd1c8f0a22a6dedae303,268,14629548
0x749cda693c2f29bf894df5b7060034cb675ee631,0x0000000000000000000000000000000000000000,0x398f35d2e38421e7da5dbe8b4de49a1c10eef825,96,0xe9f33b76e7858f591fbf425f5a755641ccd0630cca7acd1c8f0a22a6dedae303,269,14629548
0x749cda693c2f29bf894df5b7060034cb675ee631,0x0000000000000000000000000000000000000000,0x398f35d2e38421e7da5dbe8b4de49a1c10eef825,97,0xe9f33b76e7858f591fbf425f5a755641ccd0630cca7acd1c8f0a22a6dedae303,270,14629548
0x749cda693c2f29bf894df5b7060034cb675ee631,0x0000000000000000000000000000000000000000,0x398f35d2e38421e7da5dbe8b4de49a1c10eef825,98,0xe9f33b76e7858f591fbf425f5a755641ccd0630cca7acd1c8f0a22a6dedae303,271,14629548
0x749cda693c2f29bf894df5b7060034cb675ee631,0x0000000000000000000000000000000000000000,0x398f35d2e38421e7da5dbe8b4de49a1c10eef825,99,0xe9f33b76e7858f591fbf425f5a755641ccd0630cca7acd1c8f0a22a6dedae303,272,14629548
0x749cda693c2f29bf894df5b7060034cb675ee631,0x0000000000000000000000000000000000000000,0x398f35d2e38421e7da5dbe8b4de49a1c10eef825,100,0xe9f33b76e7858f591fbf425f5a755641ccd0630cca7acd1c8f0a22a6dedae303,273,14629548
0x749cda693c2f29bf894df5b7060034cb675ee631,0x0000000000000000000000000000000000000000,0xdba0be262295f8e028fdc0500d35a7aa1b56a6f2,101,0x5a3e43ceb8be19c0e2939447a4371141ad0f1d14e59e29e28a2ff82196f76689,217,14642738
0x749cda693c2f29bf894df5b7060034cb675ee631,0x0000000000000000000000000000000000000000,0x28c9c5c9a636691385ab1c0bd21f8cc6ac9b998a,102,0xd45dc598996371e0b5d24772f7ff717752d02ed3e5ff2447abce2acf050ae200,210,14642783
0x749cda693c2f29bf894df5b7060034cb675ee631,0x0000000000000000000000000000000000000000,0x28c9c5c9a636691385ab1c0bd21f8cc6ac9b998a,103,0xd45dc598996371e0b5d24772f7ff717752d02ed3e5ff2447abce2acf050ae200,211,14642783
0x749cda693c2f29bf894df5b7060034cb675ee631,0x0000000000000000000000000000000000000000,0x28c9c5c9a636691385ab1c0bd21f8cc6ac9b998a,104,0xd45dc598996371e0b5d24772f7ff717752d02ed3e5ff2447abce2acf050ae200,212,14642783
0x749cda693c2f29bf894df5b7060034cb675ee631,0x0000000000000000000000000000000000000000,0x28c9c5c9a636691385ab1c0bd21f8cc6ac9b998a,105,0xd45dc598996371e0b5d24772f7ff717752d02ed3e5ff2447abce2acf050ae200,213,14642783
0x749cda693c2f29bf894df5b7060034cb675ee631,0x0000000000000000000000000000000000000000,0x28c9c5c9a636691385ab1c0bd21f8cc6ac9b998a,106,0xd45dc598996371e0b5d24772f7ff717752d02ed3e5ff2447abce2acf050ae200,214,14642783
0x749cda693c2f29bf894df5b7060034cb675ee631,0x0000000000000000000000000000000000000000,0x28c9c5c9a636691385ab1c0bd21f8cc6ac9b998a,107,0xd45dc598996371e0b5d24772f7ff717752d02ed3e5ff2447abce2acf050ae200,215,14642783
0x749cda693c2f29bf894df5b7060034cb675ee631,0x0000000000000000000000000000000000000000,0x28c9c5c9a636691385ab1c0bd21f8cc6ac9b998a,108,0xd45dc598996371e0b5d24772f7ff717752d02ed3e5ff2447abce2acf050ae200,216,14642783
0x749cda693c2f29bf894df5b7060034cb675ee631,0x0000000000000000000000000000000000000000,0x28c9c5c9a636691385ab1c0bd21f8cc6ac9b998a,109,0xd45dc598996371e0b5d24772f7ff717752d02ed3e5ff2447abce2acf050ae200,217,14642783
0x749cda693c2f29bf894df5b7060034cb675ee631,0x0000000000000000000000000000000000000000,0x28c9c5c9a636691385ab1c0bd21f8cc6ac9b998a,110,0xd45dc598996371e0b5d24772f7ff717752d02ed3e5ff2447abce2acf050ae200,218,14642783
0x749cda693c2f29bf894df5b7060034cb675ee631,0x0000000000000000000000000000000000000000,0x3f0a1b95bd1de6ec52cb6545672c4d95b95bbc99,111,0xa1df6d82d56fd8c5cbe0640289d541fe2036d9e0253c96e549318e6ff91393e7,72,14642804
0x749cda693c2f29bf894df5b7060034cb675ee631,0x0000000000000000000000000000000000000000,0x3f0a1b95bd1de6ec52cb6545672c4d95b95bbc99,112,0xa1df6d82d56fd8c5cbe0640289d541fe2036d9e0253c96e549318e6ff91393e7,73,14642804
0x749cda693c2f29bf894df5b7060034cb675ee631,0x0000000000000000000000000000000000000000,0x3f0a1b95bd1de6ec52cb6545672c4d95b95bbc99,113,0xa1df6d82d56fd8c5cbe0640289d541fe2036d9e0253c96e549318e6ff91393e7,74,14642804
0x749cda693c2f29bf894df5b7060034cb675ee631,0x0000000000000000000000000000000000000000,0x3f0a1b95bd1de6ec52cb6545672c4d95b95bbc99,114,0xa1df6d82d56fd8c5cbe0640289d541fe2036d9e0253c96e549318e6ff91393e7,75,14642804
0x749cda693c2f29bf894df5b7060034cb675ee631,0x0000000000000000000000000000000000000000,0x3f0a1b95bd1de6ec52cb6545672c4d95b95bbc99,115,0xa1df6d82d56fd8c5cbe0640289d541fe2036d9e0253c96e549318e6ff91393e7,76,14642804
0x749cda693c2f29bf894df5b7060034cb675ee631,0x0000000000000000000000000000000000000000,0x3f0a1b95bd1de6ec52cb6545672c4d95b95bbc99,116,0xa1df6d82d56fd8c5cbe0640289d541fe2036d9e0253c96e549318e6ff91393e7,77,14642804
0x749cda693c2f29bf894df5b7060034cb675ee631,0x0000000000000000000000000000000000000000,0x3f0a1b95bd1de6ec52cb6545672c4d95b95bbc99,117,0xa1df6d82d56fd8c5cbe0640289d541fe2036d9e0253c96e549318e6ff91393e7,78,14642804
0x749cda693c2f29bf894df5b7060034cb675ee631,0x0000000000000000000000000000000000000000,0x3f0a1b95bd1de6ec52cb6545672c4d95b95bbc99,118,0xa1df6d82d56fd8c5cbe0640289d541fe2036d9e0253c96e549318e6ff91393e7,79,14642804
0x749cda693c2f29bf894df5b7060034cb675ee631,0x0000000000000000000000000000000000000000,0x3f0a1b95bd1de6ec52cb6545672c4d95b95bbc99,119,0xa1df6d82d56fd8c5cbe0640289d541fe2036d9e0253c96e549318e6ff91393e7,80,14642804
0x749cda693c2f29bf894df5b7060034cb675ee631,0x0000000000000000000000000000000000000000,0x3f0a1b95bd1de6ec52cb6545672c4d95b95bbc99,120,0xa1df6d82d56fd8c5cbe0640289d541fe2036d9e0253c96e549318e6ff91393e7,81,14642804
0x749cda693c2f29bf894df5b7060034cb675ee631,0x0000000000000000000000000000000000000000,0x7a1b0ef62562625c3b6598addbd90c4f998d659a,121,0x98dc30ec2629d21180a13c6ff75a7dfe6e8c61c4246a2613b584846dd2f48b40,78,14642864
0x749cda693c2f29bf894df5b7060034cb675ee631,0x0000000000000000000000000000000000000000,0x7a1b0ef62562625c3b6598addbd90c4f998d659a,122,0x98dc30ec2629d21180a13c6ff75a7dfe6e8c61c4246a2613b584846dd2f48b40,79,14642864
0x749cda693c2f29bf894df5b7060034cb675ee631,0x0000000000000000000000000000000000000000,0x7a1b0ef62562625c3b6598addbd90c4f998d659a,123,0x98dc30ec2629d21180a13c6ff75a7dfe6e8c61c4246a2613b584846dd2f48b40,80,14642864
0x749cda693c2f29bf894df5b7060034cb675ee631,0x0000000000000000000000000000000000000000,0xdad796e2e01de6d7593ef5dc629a18a147882dc2,124,0x1b262e81f73de760fd70f56c846c3b743993bc19298ab4d7710a7b0c60ca0a36,48,14642871
0x749cda693c2f29bf894df5b7060034cb675ee631,0x0000000000000000000000000000000000000000,0x021bee9a6ec446d561b7e341b73ba8599f70a1cf,125,0xbe0f03b881aaa127458f207334b444fdc2568561219bdda7c11a2b86763b6efe,347,14642931
0x749cda693c2f29bf894df5b7060034cb675ee631,0x0000000000000000000000000000000000000000,0x021bee9a6ec446d561b7e341b73ba8599f70a1cf,126,0xbe0f03b881aaa127458f207334b444fdc2568561219bdda7c11a2b86763b6efe,348,14642931
0x749cda693c2f29bf894df5b7060034cb675ee631,0x0000000000000000000000000000000000000000,0x021bee9a6ec446d561b7e341b73ba8599f70a1cf,127,0xbe0f03b881aaa127458f207334b444fdc2568561219bdda7c11a2b86763b6efe,349,14642931
0x749cda693c2f29bf894df5b7060034cb675ee631,0x0000000000000000000000000000000000000000,0x021bee9a6ec446d561b7e341b73ba8599f70a1cf,128,0xbe0f03b881aaa127458f207334b444fdc2568561219bdda7c11a2b86763b6efe,350,14642931
0x749cda693c2f29bf894df5b7060034cb675ee631,0x0000000000000000000000000000000000000000,0x021bee9a6ec446d561b7e341b73ba8599f70a1cf,129,0xbe0f03b881aaa127458f207334b444fdc2568561219bdda7c11a2b86763b6efe,351,14642931
0x749cda693c2f29bf894df5b7060034cb675ee631,0x0000000000000000000000000000000000000000,0xdba0be262295f8e028fdc0500d35a7aa1b56a6f2,101,0x5a3e43ceb8be19c0e2939447a4371141ad0f1d14e59e29e28a2ff82196f76689,217,14642738
0x749cda693c2f29bf894df5b7060034cb675ee631,0x0000000000000000000000000000000000000000,0x28c9c5c9a636691385ab1c0bd21f8cc6ac9b998a,102,0xd45dc598996371e0b5d24772f7ff717752d02ed3e5ff2447abce2acf050ae200,210,14642783
0x749cda693c2f29bf894df5b7060034cb675ee631,0x0000000000000000000000000000000000000000,0x28c9c5c9a636691385ab1c0bd21f8cc6ac9b998a,103,0xd45dc598996371e0b5d24772f7ff717752d02ed3e5ff2447abce2acf050ae200,211,14642783
0x749cda693c2f29bf894df5b7060034cb675ee631,0x0000000000000000000000000000000000000000,0x28c9c5c9a636691385ab1c0bd21f8cc6ac9b998a,104,0xd45dc598996371e0b5d24772f7ff717752d02ed3e5ff2447abce2acf050ae200,212,14642783
0x749cda693c2f29bf894df5b7060034cb675ee631,0x0000000000000000000000000000000000000000,0x28c9c5c9a636691385ab1c0bd21f8cc6ac9b998a,105,0xd45dc598996371e0b5d24772f7ff717752d02ed3e5ff2447abce2acf050ae200,213,14642783
0x749cda693c2f29bf894df5b7060034cb675ee631,0x0000000000000000000000000000000000000000,0x28c9c5c9a636691385ab1c0bd21f8cc6ac9b998a,106,0xd45dc598996371e0b5d24772f7ff717752d02ed3e5ff2447abce2acf050ae200,214,14642783
0x749cda693c2f29bf894df5b7060034cb675ee631,0x0000000000000000000000000000000000000000,0x28c9c5c9a636691385ab1c0bd21f8cc6ac9b998a,107,0xd45dc598996371e0b5d24772f7ff717752d02ed3e5ff2447abce2acf050ae200,215,14642783
0x749cda693c2f29bf894df5b7060034cb675ee631,0x0000000000000000000000000000000000000000,0x28c9c5c9a636691385ab1c0bd21f8cc6ac9b998a,108,0xd45dc598996371e0b5d24772f7ff717752d02ed3e5ff2447abce2acf050ae200,216,14642783
0x749cda693c2f29bf894df5b7060034cb675ee631,0x0000000000000000000000000000000000000000,0x28c9c5c9a636691385ab1c0bd21f8cc6ac9b998a,109,0xd45dc598996371e0b5d24772f7ff717752d02ed3e5ff2447abce2acf050ae200,217,14642783
0x749cda693c2f29bf894df5b7060034cb675ee631,0x0000000000000000000000000000000000000000,0x28c9c5c9a636691385ab1c0bd21f8cc6ac9b998a,110,0xd45dc598996371e0b5d24772f7ff717752d02ed3e5ff2447abce2acf050ae200,218,14642783
0x749cda693c2f29bf894df5b7060034cb675ee631,0x0000000000000000000000000000000000000000,0x3f0a1b95bd1de6ec52cb6545672c4d95b95bbc99,111,0xa1df6d82d56fd8c5cbe0640289d541fe2036d9e0253c96e549318e6ff91393e7,72,14642804
0x749cda693c2f29bf894df5b7060034cb675ee631,0x0000000000000000000000000000000000000000,0x3f0a1b95bd1de6ec52cb6545672c4d95b95bbc99,112,0xa1df6d82d56fd8c5cbe0640289d541fe2036d9e0253c96e549318e6ff91393e7,73,14642804
0x749cda693c2f29bf894df5b7060034cb675ee631,0x0000000000000000000000000000000000000000,0x3f0a1b95bd1de6ec52cb6545672c4d95b95bbc99,113,0xa1df6d82d56fd8c5cbe0640289d541fe2036d9e0253c96e549318e6ff91393e7,74,14642804
0x749cda693c2f29bf894df5b7060034cb675ee631,0x0000000000000000000000000000000000000000,0x3f0a1b95bd1de6ec52cb6545672c4d95b95bbc99,114,0xa1df6d82d56fd8c5cbe0640289d541fe2036d9e0253c96e549318e6ff91393e7,75,14642804
0x749cda693c2f29bf894df5b7060034cb675ee631,0x0000000000000000000000000000000000000000,0x3f0a1b95bd1de6ec52cb6545672c4d95b95bbc99,115,0xa1df6d82d56fd8c5cbe0640289d541fe2036d9e0253c96e549318e6ff91393e7,76,14642804
0x749cda693c2f29bf894df5b7060034cb675ee631,0x0000000000000000000000000000000000000000,0x3f0a1b95bd1de6ec52cb6545672c4d95b95bbc99,116,0xa1df6d82d56fd8c5cbe0640289d541fe2036d9e0253c96e549318e6ff91393e7,77,14642804
0x749cda693c2f29bf894df5b7060034cb675ee631,0x0000000000000000000000000000000000000000,0x3f0a1b95bd1de6ec52cb6545672c4d95b95bbc99,117,0xa1df6d82d56fd8c5cbe0640289d541fe2036d9e0253c96e549318e6ff91393e7,78,14642804
0x749cda693c2f29bf894df5b7060034cb675ee631,0x0000000000000000000000000000000000000000,0x3f0a1b95bd1de6ec52cb6545672c4d95b95bbc99,118,0xa1df6d82d56fd8c5cbe0640289d541fe2036d9e0253c96e549318e6ff91393e7,79,14642804
0x749cda693c2f29bf894df5b7060034cb675ee631,0x0000000000000000000000000000000000000000,0x3f0a1b95bd1de6ec52cb6545672c4d95b95bbc99,119,0xa1df6d82d56fd8c5cbe0640289d541fe2036d9e0253c96e549318e6ff91393e7,80,14642804
0x749cda693c2f29bf894df5b7060034cb675ee631,0x0000000000000000000000000000000000000000,0x3f0a1b95bd1de6ec52cb6545672c4d95b95bbc99,120,0xa1df6d82d56fd8c5cbe0640289d541fe2036d9e0253c96e549318e6ff91393e7,81,14642804
0x749cda693c2f29bf894df5b7060034cb675ee631,0x0000000000000000000000000000000000000000,0x7a1b0ef62562625c3b6598addbd90c4f998d659a,121,0x98dc30ec2629d21180a13c6ff75a7dfe6e8c61c4246a2613b584846dd2f48b40,78,14642864
0x749cda693c2f29bf894df5b7060034cb675ee631,0x0000000000000000000000000000000000000000,0x7a1b0ef62562625c3b6598addbd90c4f998d659a,122,0x98dc30ec2629d21180a13c6ff75a7dfe6e8c61c4246a2613b584846dd2f48b40,79,14642864
0x749cda693c2f29bf894df5b7060034cb675ee631,0x0000000000000000000000000000000000000000,0x7a1b0ef62562625c3b6598addbd90c4f998d659a,123,0x98dc30ec2629d21180a13c6ff75a7dfe6e8c61c4246a2613b584846dd2f48b40,80,14642864
0x749cda693c2f29bf894df5b7060034cb675ee631,0x0000000000000000000000000000000000000000,0xdad796e2e01de6d7593ef5dc629a18a147882dc2,124,0x1b262e81f73de760fd70f56c846c3b743993bc19298ab4d7710a7b0c60ca0a36,48,14642871
0x749cda693c2f29bf894df5b7060034cb675ee631,0x0000000000000000000000000000000000000000,0x021bee9a6ec446d561b7e341b73ba8599f70a1cf,125,0xbe0f03b881aaa127458f207334b444fdc2568561219bdda7c11a2b86763b6efe,347,14642931
0x749cda693c2f29bf894df5b7060034cb675ee631,0x0000000000000000000000000000000000000000,0x021bee9a6ec446d561b7e341b73ba8599f70a1cf,126,0xbe0f03b881aaa127458f207334b444fdc2568561219bdda7c11a2b86763b6efe,348,14642931
0x749cda693c2f29bf894df5b7060034cb675ee631,0x0000000000000000000000000000000000000000,0x021bee9a6ec446d561b7e341b73ba8599f70a1cf,127,0xbe0f03b881aaa127458f207334b444fdc2568561219bdda7c11a2b86763b6efe,349,14642931
0x749cda693c2f29bf894df5b7060034cb675ee631,0x0000000000000000000000000000000000000000,0x021bee9a6ec446d561b7e341b73ba8599f70a1cf,128,0xbe0f03b881aaa127458f207334b444fdc2568561219bdda7c11a2b86763b6efe,350,14642931
0x749cda693c2f29bf894df5b7060034cb675ee631,0x0000000000000000000000000000000000000000,0x021bee9a6ec446d561b7e341b73ba8599f70a1cf,129,0xbe0f03b881aaa127458f207334b444fdc2568561219bdda7c11a2b86763b6efe,351,14642931
0x749cda693c2f29bf894df5b7060034cb675ee631,0x0000000000000000000000000000000000000000,0xffa21ca9fd07e04c312e98b8582393f52478551d,130,0x07eebea82f1717f9c6df1401226d71272a50b60830e8e1a689ef57871ce2b047,78,14642989
0x749cda693c2f29bf894df5b7060034cb675ee631,0x0000000000000000000000000000000000000000,0xffa21ca9fd07e04c312e98b8582393f52478551d,131,0x07eebea82f1717f9c6df1401226d71272a50b60830e8e1a689ef57871ce2b047,79,14642989
0x749cda693c2f29bf894df5b7060034cb675ee631,0x0000000000000000000000000000000000000000,0xc530342d3da96839bdf203b57de6e25fafb3acd3,132,0x912ae36aa77d430237cef43c5937b1e954202b710028fa6ad53bcacd71b514f7,23,14643127
0x749cda693c2f29bf894df5b7060034cb675ee631,0x0000000000000000000000000000000000000000,0xc530342d3da96839bdf203b57de6e25fafb3acd3,133,0x912ae36aa77d430237cef43c5937b1e954202b710028fa6ad53bcacd71b514f7,24,14643127
0x749cda693c2f29bf894df5b7060034cb675ee631,0x0000000000000000000000000000000000000000,0xc530342d3da96839bdf203b57de6e25fafb3acd3,134,0x912ae36aa77d430237cef43c5937b1e954202b710028fa6ad53bcacd71b514f7,25,14643127
0x749cda693c2f29bf894df5b7060034cb675ee631,0x0000000000000000000000000000000000000000,0xc530342d3da96839bdf203b57de6e25fafb3acd3,135,0x912ae36aa77d430237cef43c5937b1e954202b710028fa6ad53bcacd71b514f7,26,14643127
0x749cda693c2f29bf894df5b7060034cb675ee631,0x0000000000000000000000000000000000000000,0xee6254f89f0fd27e8993b03da6ef2533aa92bb38,136,0x393b3e37f2a4e3ffd7a7f1e0dcdec20c37ca1c62012bee5325a87c1c46713c0e,121,14643203
0x749cda693c2f29bf894df5b7060034cb675ee631,0x0000000000000000000000000000000000000000,0xee6254f89f0fd27e8993b03da6ef2533aa92bb38,137,0x393b3e37f2a4e3ffd7a7f1e0dcdec20c37ca1c62012bee5325a87c1c46713c0e,122,14643203
0x749cda693c2f29bf894df5b7060034cb675ee631,0x0000000000000000000000000000000000000000,0xee6254f89f0fd27e8993b03da6ef2533aa92bb38,138,0x393b3e37f2a4e3ffd7a7f1e0dcdec20c37ca1c62012bee5325a87c1c46713c0e,123,14643203
0x749cda693c2f29bf894df5b7060034cb675ee631,0x0000000000000000000000000000000000000000,0xee6254f89f0fd27e8993b03da6ef2533aa92bb38,139,0x393b3e37f2a4e3ffd7a7f1e0dcdec20c37ca1c62012bee5325a87c1c46713c0e,124,14643203
0x749cda693c2f29bf894df5b7060034cb675ee631,0x0000000000000000000000000000000000000000,0xee6254f89f0fd27e8993b03da6ef2533aa92bb38,140,0x393b3e37f2a4e3ffd7a7f1e0dcdec20c37ca1c62012bee5325a87c1c46713c0e,125,14643203
0x749cda693c2f29bf894df5b7060034cb675ee631,0x0000000000000000000000000000000000000000,0xee6254f89f0fd27e8993b03da6ef2533aa92bb38,141,0x393b3e37f2a4e3ffd7a7f1e0dcdec20c37ca1c62012bee5325a87c1c46713c0e,126,14643203
0x749cda693c2f29bf894df5b7060034cb675ee631,0x0000000000000000000000000000000000000000,0xee6254f89f0fd27e8993b03da6ef2533aa92bb38,142,0x393b3e37f2a4e3ffd7a7f1e0dcdec20c37ca1c62012bee5325a87c1c46713c0e,127,14643203
0x749cda693c2f29bf894df5b7060034cb675ee631,0x0000000000000000000000000000000000000000,0xee6254f89f0fd27e8993b03da6ef2533aa92bb38,143,0x393b3e37f2a4e3ffd7a7f1e0dcdec20c37ca1c62012bee5325a87c1c46713c0e,128,14643203
0x749cda693c2f29bf894df5b7060034cb675ee631,0x0000000000000000000000000000000000000000,0xee6254f89f0fd27e8993b03da6ef2533aa92bb38,144,0x393b3e37f2a4e3ffd7a7f1e0dcdec20c37ca1c62012bee5325a87c1c46713c0e,129,14643203
0x749cda693c2f29bf894df5b7060034cb675ee631,0x0000000000000000000000000000000000000000,0xda0ce3c84d2ce221343dd0a248c61b9363ff01ec,145,0xd888fbe29c382c458956159e348ca168ea18cd5d26ce23b43f2414dd02008e01,54,14643283
0x749cda693c2f29bf894df5b7060034cb675ee631,0x0000000000000000000000000000000000000000,0xda0ce3c84d2ce221343dd0a248c61b9363ff01ec,146,0xd888fbe29c382c458956159e348ca168ea18cd5d26ce23b43f2414dd02008e01,55,14643283
0x749cda693c2f29bf894df5b7060034cb675ee631,0x0000000000000000000000000000000000000000,0xf7b754315a6cb66a2217b5d466ff5ac1adafbe51,147,0x5cca5746a1c031ef0a2bb7b94b098566effd283ad43e6e7131cc2ec9557e8856,19,14643330
0x749cda693c2f29bf894df5b7060034cb675ee631,0x0000000000000000000000000000000000000000,0xf7b754315a6cb66a2217b5d466ff5ac1adafbe51,148,0x5cca5746a1c031ef0a2bb7b94b098566effd283ad43e6e7131cc2ec9557e8856,20,14643330
0x749cda693c2f29bf894df5b7060034cb675ee631,0x0000000000000000000000000000000000000000,0xf7b754315a6cb66a2217b5d466ff5ac1adafbe51,149,0x5cca5746a1c031ef0a2bb7b94b098566effd283ad43e6e7131cc2ec9557e8856,21,14643330
0x749cda693c2f29bf894df5b7060034cb675ee631,0x0000000000000000000000000000000000000000,0xc81e6aeb081fc97eca60d0a5423ec246a7e1aee3,150,0xd19e5b3257f412db6403a158474e4839fc095b8412acc0440ea0f66c3032d5ee,98,14643421
0x749cda693c2f29bf894df5b7060034cb675ee631,0x0000000000000000000000000000000000000000,0xc81e6aeb081fc97eca60d0a5423ec246a7e1aee3,151,0xd19e5b3257f412db6403a158474e4839fc095b8412acc0440ea0f66c3032d5ee,99,14643421
0x749cda693c2f29bf894df5b7060034cb675ee631,0x0000000000000000000000000000000000000000,0xd2ae824a72b203769a8591d29a24a2502587b1ab,152,0x451c0433075613aeb976d3126502cc26d93df241ff0231a1669db1a8da7b3165,30,14643478
0x749cda693c2f29bf894df5b7060034cb675ee631,0x0000000000000000000000000000000000000000,0xd2ae824a72b203769a8591d29a24a2502587b1ab,153,0x451c0433075613aeb976d3126502cc26d93df241ff0231a1669db1a8da7b3165,31,14643478
0x749cda693c2f29bf894df5b7060034cb675ee631,0x0000000000000000000000000000000000000000,0xd2ae824a72b203769a8591d29a24a2502587b1ab,154,0x451c0433075613aeb976d3126502cc26d93df241ff0231a1669db1a8da7b3165,32,14643478
0x749cda693c2f29bf894df5b7060034cb675ee631,0x0000000000000000000000000000000000000000,0xd2ae824a72b203769a8591d29a24a2502587b1ab,155,0x451c0433075613aeb976d3126502cc26d93df241ff0231a1669db1a8da7b3165,33,14643478
0x749cda693c2f29bf894df5b7060034cb675ee631,0x0000000000000000000000000000000000000000,0x1abee6879bd08cc164c1ebd44fd71399f1529205,156,0x92ffa9723fdd00ee804bfc99daafbf4f82bdfaa129b2c8724ed4a0bc41fb7337,337,14643764
0x749cda693c2f29bf894df5b7060034cb675ee631,0x0000000000000000000000000000000000000000,0x1abee6879bd08cc164c1ebd44fd71399f1529205,157,0x92ffa9723fdd00ee804bfc99daafbf4f82bdfaa129b2c8724ed4a0bc41fb7337,338,14643764
0x749cda693c2f29bf894df5b7060034cb675ee631,0x0000000000000000000000000000000000000000,0x1abee6879bd08cc164c1ebd44fd71399f1529205,158,0x92ffa9723fdd00ee804bfc99daafbf4f82bdfaa129b2c8724ed4a0bc41fb7337,339,14643764
0x749cda693c2f29bf894df5b7060034cb675ee631,0x0000000000000000000000000000000000000000,0x1abee6879bd08cc164c1ebd44fd71399f1529205,159,0x92ffa9723fdd00ee804bfc99daafbf4f82bdfaa129b2c8724ed4a0bc41fb7337,340,14643764
0x749cda693c2f29bf894df5b7060034cb675ee631,0x0000000000000000000000000000000000000000,0x1abee6879bd08cc164c1ebd44fd71399f1529205,160,0x92ffa9723fdd00ee804bfc99daafbf4f82bdfaa129b2c8724ed4a0bc41fb7337,341,14643764
0x749cda693c2f29bf894df5b7060034cb675ee631,0x0000000000000000000000000000000000000000,0x1abee6879bd08cc164c1ebd44fd71399f1529205,161,0x92ffa9723fdd00ee804bfc99daafbf4f82bdfaa129b2c8724ed4a0bc41fb7337,342,14643764
0x749cda693c2f29bf894df5b7060034cb675ee631,0x0000000000000000000000000000000000000000,0xbd6704a8bfd740fb9198c0620544930966ae7cba,162,0x1f738e288be1090af8303684aff9027838249efe348c269072dc93c07f90d881,40,14643791
0x749cda693c2f29bf894df5b7060034cb675ee631,0x0000000000000000000000000000000000000000,0xbd6704a8bfd740fb9198c0620544930966ae7cba,163,0x1f738e288be1090af8303684aff9027838249efe348c269072dc93c07f90d881,41,14643791
0x749cda693c2f29bf894df5b7060034cb675ee631,0x0000000000000000000000000000000000000000,0xbd6704a8bfd740fb9198c0620544930966ae7cba,164,0x1f738e288be1090af8303684aff9027838249efe348c269072dc93c07f90d881,42,14643791
0x749cda693c2f29bf894df5b7060034cb675ee631,0x0000000000000000000000000000000000000000,0xe6d62b7db31826b8d58b684355e23a609d1f2ca4,165,0x7b7efd1bd52d63d04e690557e9e19e7ce33e414922ecfafd4c7729237b206055,206,14643795
0x749cda693c2f29bf894df5b7060034cb675ee631,0x0000000000000000000000000000000000000000,0xe6d62b7db31826b8d58b684355e23a609d1f2ca4,166,0x7b7efd1bd52d63d04e690557e9e19e7ce33e414922ecfafd4c7729237b206055,207,14643795
0x749cda693c2f29bf894df5b7060034cb675ee631,0x0000000000000000000000000000000000000000,0xe6d62b7db31826b8d58b684355e23a609d1f2ca4,167,0x7b7efd1bd52d63d04e690557e9e19e7ce33e414922ecfafd4c7729237b206055,208,14643795
0x749cda693c2f29bf894df5b7060034cb675ee631,0x0000000000000000000000000000000000000000,0xe6d62b7db31826b8d58b684355e23a609d1f2ca4,168,0x7b7efd1bd52d63d04e690557e9e19e7ce33e414922ecfafd4c7729237b206055,209,14643795
0x749cda693c2f29bf894df5b7060034cb675ee631,0x0000000000000000000000000000000000000000,0xe6d62b7db31826b8d58b684355e23a609d1f2ca4,169,0x7b7efd1bd52d63d04e690557e9e19e7ce33e414922ecfafd4c7729237b206055,210,14643795
0x749cda693c2f29bf894df5b7060034cb675ee631,0x0000000000000000000000000000000000000000,0xe6d62b7db31826b8d58b684355e23a609d1f2ca4,170,0x7b7efd1bd52d63d04e690557e9e19e7ce33e414922ecfafd4c7729237b206055,211,14643795
0x749cda693c2f29bf894df5b7060034cb675ee631,0x0000000000000000000000000000000000000000,0xe6d62b7db31826b8d58b684355e23a609d1f2ca4,171,0x7b7efd1bd52d63d04e690557e9e19e7ce33e414922ecfafd4c7729237b206055,212,14643795
0x749cda693c2f29bf894df5b7060034cb675ee631,0x0000000000000000000000000000000000000000,0xe6d62b7db31826b8d58b684355e23a609d1f2ca4,172,0x7b7efd1bd52d63d04e690557e9e19e7ce33e414922ecfafd4c7729237b206055,213,14643795
0x749cda693c2f29bf894df5b7060034cb675ee631,0x0000000000000000000000000000000000000000,0xd2ae824a72b203769a8591d29a24a2502587b1ab,152,0x451c0433075613aeb976d3126502cc26d93df241ff0231a1669db1a8da7b3165,30,14643478
0x749cda693c2f29bf894df5b7060034cb675ee631,0x0000000000000000000000000000000000000000,0xd2ae824a72b203769a8591d29a24a2502587b1ab,153,0x451c0433075613aeb976d3126502cc26d93df241ff0231a1669db1a8da7b3165,31,14643478
0x749cda693c2f29bf894df5b7060034cb675ee631,0x0000000000000000000000000000000000000000,0xd2ae824a72b203769a8591d29a24a2502587b1ab,154,0x451c0433075613aeb976d3126502cc26d93df241ff0231a1669db1a8da7b3165,32,14643478
0x749cda693c2f29bf894df5b7060034cb675ee631,0x0000000000000000000000000000000000000000,0xd2ae824a72b203769a8591d29a24a2502587b1ab,155,0x451c0433075613aeb976d3126502cc26d93df241ff0231a1669db1a8da7b3165,33,14643478
0x749cda693c2f29bf894df5b7060034cb675ee631,0x0000000000000000000000000000000000000000,0x1abee6879bd08cc164c1ebd44fd71399f1529205,156,0x92ffa9723fdd00ee804bfc99daafbf4f82bdfaa129b2c8724ed4a0bc41fb7337,337,14643764
0x749cda693c2f29bf894df5b7060034cb675ee631,0x0000000000000000000000000000000000000000,0x1abee6879bd08cc164c1ebd44fd71399f1529205,157,0x92ffa9723fdd00ee804bfc99daafbf4f82bdfaa129b2c8724ed4a0bc41fb7337,338,14643764
0x749cda693c2f29bf894df5b7060034cb675ee631,0x0000000000000000000000000000000000000000,0x1abee6879bd08cc164c1ebd44fd71399f1529205,158,0x92ffa9723fdd00ee804bfc99daafbf4f82bdfaa129b2c8724ed4a0bc41fb7337,339,14643764
0x749cda693c2f29bf894df5b7060034cb675ee631,0x0000000000000000000000000000000000000000,0x1abee6879bd08cc164c1ebd44fd71399f1529205,159,0x92ffa9723fdd00ee804bfc99daafbf4f82bdfaa129b2c8724ed4a0bc41fb7337,340,14643764
0x749cda693c2f29bf894df5b7060034cb675ee631,0x0000000000000000000000000000000000000000,0x1abee6879bd08cc164c1ebd44fd71399f1529205,160,0x92ffa9723fdd00ee804bfc99daafbf4f82bdfaa129b2c8724ed4a0bc41fb7337,341,14643764
0x749cda693c2f29bf894df5b7060034cb675ee631,0x0000000000000000000000000000000000000000,0x1abee6879bd08cc164c1ebd44fd71399f1529205,161,0x92ffa9723fdd00ee804bfc99daafbf4f82bdfaa129b2c8724ed4a0bc41fb7337,342,14643764
0x749cda693c2f29bf894df5b7060034cb675ee631,0x0000000000000000000000000000000000000000,0xbd6704a8bfd740fb9198c0620544930966ae7cba,162,0x1f738e288be1090af8303684aff9027838249efe348c269072dc93c07f90d881,40,14643791
0x749cda693c2f29bf894df5b7060034cb675ee631,0x0000000000000000000000000000000000000000,0xbd6704a8bfd740fb9198c0620544930966ae7cba,163,0x1f738e288be1090af8303684aff9027838249efe348c269072dc93c07f90d881,41,14643791
0x749cda693c2f29bf894df5b7060034cb675ee631,0x0000000000000000000000000000000000000000,0xbd6704a8bfd740fb9198c0620544930966ae7cba,164,0x1f738e288be1090af8303684aff9027838249efe348c269072dc93c07f90d881,42,14643791
0x749cda693c2f29bf894df5b7060034cb675ee631,0x0000000000000000000000000000000000000000,0xe6d62b7db31826b8d58b684355e23a609d1f2ca4,165,0x7b7efd1bd52d63d04e690557e9e19e7ce33e414922ecfafd4c7729237b206055,206,14643795
0x749cda693c2f29bf894df5b7060034cb675ee631,0x0000000000000000000000000000000000000000,0xe6d62b7db31826b8d58b684355e23a609d1f2ca4,166,0x7b7efd1bd52d63d04e690557e9e19e7ce33e414922ecfafd4c7729237b206055,207,14643795
0x749cda693c2f29bf894df5b7060034cb675ee631,0x0000000000000000000000000000000000000000,0xe6d62b7db31826b8d58b684355e23a609d1f2ca4,167,0x7b7efd1bd52d63d04e690557e9e19e7ce33e414922ecfafd4c7729237b206055,208,14643795
0x749cda693c2f29bf894df5b7060034cb675ee631,0x0000000000000000000000000000000000000000,0xe6d62b7db31826b8d58b684355e23a609d1f2ca4,168,0x7b7efd1bd52d63d04e690557e9e19e7ce33e414922ecfafd4c7729237b206055,209,14643795
0x749cda693c2f29bf894df5b7060034cb675ee631,0x0000000000000000000000000000000000000000,0xe6d62b7db31826b8d58b684355e23a609d1f2ca4,169,0x7b7efd1bd52d63d04e690557e9e19e7ce33e414922ecfafd4c7729237b206055,210,14643795
0x749cda693c2f29bf894df5b7060034cb675ee631,0x0000000000000000000000000000000000000000,0xe6d62b7db31826b8d58b684355e23a609d1f2ca4,170,0x7b7efd1bd52d63d04e690557e9e19e7ce33e414922ecfafd4c7729237b206055,211,14643795
0x749cda693c2f29bf894df5b7060034cb675ee631,0x0000000000000000000000000000000000000000,0xe6d62b7db31826b8d58b684355e23a609d1f2ca4,171,0x7b7efd1bd52d63d04e690557e9e19e7ce33e414922ecfafd4c7729237b206055,212,14643795
0x749cda693c2f29bf894df5b7060034cb675ee631,0x0000000000000000000000000000000000000000,0xe6d62b7db31826b8d58b684355e23a609d1f2ca4,172,0x7b7efd1bd52d63d04e690557e9e19e7ce33e414922ecfafd4c7729237b206055,213,14643795
0x749cda693c2f29bf894df5b7060034cb675ee631,0x0000000000000000000000000000000000000000,0xf6fee2642ed867d88e4699e7c482bc21fdc6afae,173,0xa149c14b7ee77adec79322ea610f11ceb3023e29caedbcb23700a8e9bedf2068,138,14644071
0x749cda693c2f29bf894df5b7060034cb675ee631,0x0000000000000000000000000000000000000000,0xf6fee2642ed867d88e4699e7c482bc21fdc6afae,174,0xa149c14b7ee77adec79322ea610f11ceb3023e29caedbcb23700a8e9bedf2068,139,14644071
0x749cda693c2f29bf894df5b7060034cb675ee631,0x0000000000000000000000000000000000000000,0xf6fee2642ed867d88e4699e7c482bc21fdc6afae,175,0xa149c14b7ee77adec79322ea610f11ceb3023e29caedbcb23700a8e9bedf2068,140,14644071
0x749cda693c2f29bf894df5b7060034cb675ee631,0x0000000000000000000000000000000000000000,0x8c5b1802726ac9fa7e96d58a054dfa89b88e23c4,176,0x2bfc941f3df0b16f18a9b6e26ef60d39de1d356828862fa8d8f6a4ce0c787c83,180,14644291
0x749cda693c2f29bf894df5b7060034cb675ee631,0x0000000000000000000000000000000000000000,0x8c5b1802726ac9fa7e96d58a054dfa89b88e23c4,177,0x2bfc941f3df0b16f18a9b6e26ef60d39de1d356828862fa8d8f6a4ce0c787c83,181,14644291
0x749cda693c2f29bf894df5b7060034cb675ee631,0x0000000000000000000000000000000000000000,0x8c5b1802726ac9fa7e96d58a054dfa89b88e23c4,178,0x2bfc941f3df0b16f18a9b6e26ef60d39de1d356828862fa8d8f6a4ce0c787c83,182,14644291
0x749cda693c2f29bf894df5b7060034cb675ee631,0x0000000000000000000000000000000000000000,0x8c5b1802726ac9fa7e96d58a054dfa89b88e23c4,179,0x2bfc941f3df0b16f18a9b6e26ef60d39de1d356828862fa8d8f6a4ce0c787c83,183,14644291
0x749cda693c2f29bf894df5b7060034cb675ee631,0x0000000000000000000000000000000000000000,0x8c5b1802726ac9fa7e96d58a054dfa89b88e23c4,180,0x2bfc941f3df0b16f18a9b6e26ef60d39de1d356828862fa8d8f6a4ce0c787c83,184,14644291
0x749cda693c2f29bf894df5b7060034cb675ee631,0x0000000000000000000000000000000000000000,0x8c5b1802726ac9fa7e96d58a054dfa89b88e23c4,181,0x2bfc941f3df0b16f18a9b6e26ef60d39de1d356828862fa8d8f6a4ce0c787c83,185,14644291
0x749cda693c2f29bf894df5b7060034cb675ee631,0x0000000000000000000000000000000000000000,0x8c5b1802726ac9fa7e96d58a054dfa89b88e23c4,182,0x2bfc941f3df0b16f18a9b6e26ef60d39de1d356828862fa8d8f6a4ce0c787c83,186,14644291
0x749cda693c2f29bf894df5b7060034cb675ee631,0x0000000000000000000000000000000000000000,0x8c5b1802726ac9fa7e96d58a054dfa89b88e23c4,183,0x2bfc941f3df0b16f18a9b6e26ef60d39de1d356828862fa8d8f6a4ce0c787c83,187,14644291
0x749cda693c2f29bf894df5b7060034cb675ee631,0x0000000000000000000000000000000000000000,0x8c5b1802726ac9fa7e96d58a054dfa89b88e23c4,184,0x2bfc941f3df0b16f18a9b6e26ef60d39de1d356828862fa8d8f6a4ce0c787c83,188,14644291
0x749cda693c2f29bf894df5b7060034cb675ee631,0x0000000000000000000000000000000000000000,0x8c5b1802726ac9fa7e96d58a054dfa89b88e23c4,185,0x2bfc941f3df0b16f18a9b6e26ef60d39de1d356828862fa8d8f6a4ce0c787c83,189,14644291
0x749cda693c2f29bf894df5b7060034cb675ee631,0x0000000000000000000000000000000000000000,0x96955814c84c739d67f2893fcc5ee1f16a945073,186,0x678d5cec99a5cf711c032cb3f903352291a0f1c14425345d0b0446471de5aa0d,32,14644382
0x749cda693c2f29bf894df5b7060034cb675ee631,0x0000000000000000000000000000000000000000,0xb4c1bbfa34cd6e55ef4490f62ff5e461f85e5bb4,187,0x12bc17ccf6ea566ec36f46ed9377c30a8d832f179eeb5c06dc709eeb6b5f0461,11,14644397
0x749cda693c2f29bf894df5b7060034cb675ee631,0x0000000000000000000000000000000000000000,0xb4c1bbfa34cd6e55ef4490f62ff5e461f85e5bb4,188,0x12bc17ccf6ea566ec36f46ed9377c30a8d832f179eeb5c06dc709eeb6b5f0461,12,14644397
0x749cda693c2f29bf894df5b7060034cb675ee631,0x0000000000000000000000000000000000000000,0xb4c1bbfa34cd6e55ef4490f62ff5e461f85e5bb4,189,0x12bc17ccf6ea566ec36f46ed9377c30a8d832f179eeb5c06dc709eeb6b5f0461,13,14644397
0x749cda693c2f29bf894df5b7060034cb675ee631,0x0000000000000000000000000000000000000000,0xb4c1bbfa34cd6e55ef4490f62ff5e461f85e5bb4,190,0x12bc17ccf6ea566ec36f46ed9377c30a8d832f179eeb5c06dc709eeb6b5f0461,14,14644397
0x749cda693c2f29bf894df5b7060034cb675ee631,0x0000000000000000000000000000000000000000,0x978c94f0aabeb9609aaf3c6a0e668f3e49981df0,191,0xa0535b6a6d80851d5de04817408d70b4cc269773fa9faa8de4a454738ecb462b,47,14644720
0x749cda693c2f29bf894df5b7060034cb675ee631,0x0000000000000000000000000000000000000000,0x978c94f0aabeb9609aaf3c6a0e668f3e49981df0,192,0xa0535b6a6d80851d5de04817408d70b4cc269773fa9faa8de4a454738ecb462b,48,14644720
0x749cda693c2f29bf894df5b7060034cb675ee631,0x0000000000000000000000000000000000000000,0x978c94f0aabeb9609aaf3c6a0e668f3e49981df0,193,0xa0535b6a6d80851d5de04817408d70b4cc269773fa9faa8de4a454738ecb462b,49,14644720
0x749cda693c2f29bf894df5b7060034cb675ee631,0x0000000000000000000000000000000000000000,0x978c94f0aabeb9609aaf3c6a0e668f3e49981df0,194,0xa0535b6a6d80851d5de04817408d70b4cc269773fa9faa8de4a454738ecb462b,50,14644720
0x749cda693c2f29bf894df5b7060034cb675ee631,0x0000000000000000000000000000000000000000,0x08c2655c5ded58d1302c7b391a907876d3036c36,195,0x120ae2b0cc54f673791c370a6c20fb8e667092acb9928f3f2d58bb053095bd7a,269,14645162
0x749cda693c2f29bf894df5b7060034cb675ee631,0x0000000000000000000000000000000000000000,0xb0c8d6b8c96083836610e88c4ebe46089c6276ac,196,0xfbea26688be8dd64d69cbe0ffa53e7e4f3dfcfebbdc53e7ee4b9e61b2963fd97,82,14645257
0x749cda693c2f29bf894df5b7060034cb675ee631,0x0000000000000000000000000000000000000000,0xb0c8d6b8c96083836610e88c4ebe46089c6276ac,197,0xfbea26688be8dd64d69cbe0ffa53e7e4f3dfcfebbdc53e7ee4b9e61b2963fd97,83,14645257
0x749cda693c2f29bf894df5b7060034cb675ee631,0x0000000000000000000000000000000000000000,0xb084bf3abde2baaee54212477954e0594da5b513,198,0x0c16e6c763da79085038729f473385c1b02a5c902e37a758f17fa82797a48656,4,14645630
0x749cda693c2f29bf894df5b7060034cb675ee631,0x0000000000000000000000000000000000000000,0xb084bf3abde2baaee54212477954e0594da5b513,199,0x0c16e6c763da79085038729f473385c1b02a5c902e37a758f17fa82797a48656,5,14645630
0x749cda693c2f29bf894df5b7060034cb675ee631,0x0000000000000000000000000000000000000000,0xb084bf3abde2baaee54212477954e0594da5b513,200,0x0c16e6c763da79085038729f473385c1b02a5c902e37a758f17fa82797a48656,6,14645630
0x749cda693c2f29bf894df5b7060034cb675ee631,0x0000000000000000000000000000000000000000,0xb084bf3abde2baaee54212477954e0594da5b513,201,0x0c16e6c763da79085038729f473385c1b02a5c902e37a758f17fa82797a48656,7,14645630
0x749cda693c2f29bf894df5b7060034cb675ee631,0x0000000000000000000000000000000000000000,0x8751e1344f9feaf70c43186d856b313ec125e9db,202,0xe7c63522471da391d6954e25fe4fe45d4a7f9b3f02d3697c2ef8340182dc44eb,35,14645898
0x749cda693c2f29bf894df5b7060034cb675ee631,0x0000000000000000000000000000000000000000,0x8751e1344f9feaf70c43186d856b313ec125e9db,203,0xe7c63522471da391d6954e25fe4fe45d4a7f9b3f02d3697c2ef8340182dc44eb,36,14645898
0x749cda693c2f29bf894df5b7060034cb675ee631,0x0000000000000000000000000000000000000000,0x52af528a248876e22d7d77ef2910f698ade9c620,227,0x31d90475ab2b7d11c7160a59ca52323f523e44951b146cc0705e896ad4d76758,226,14646944
0x749cda693c2f29bf894df5b7060034cb675ee631,0x0000000000000000000000000000000000000000,0x52af528a248876e22d7d77ef2910f698ade9c620,228,0x31d90475ab2b7d11c7160a59ca52323f523e44951b146cc0705e896ad4d76758,227,14646944
0x749cda693c2f29bf894df5b7060034cb675ee631,0x0000000000000000000000000000000000000000,0x8488aedc397289cece518f3ffb58f0fea23ea6db,229,0x5eda70a3afc4582a5d9b1f119993ecb12da89cef50ba54a4fa0aeb80ccd65b0a,69,14647126
0x749cda693c2f29bf894df5b7060034cb675ee631,0x0000000000000000000000000000000000000000,0x8488aedc397289cece518f3ffb58f0fea23ea6db,230,0x5eda70a3afc4582a5d9b1f119993ecb12da89cef50ba54a4fa0aeb80ccd65b0a,70,14647126
0x749cda693c2f29bf894df5b7060034cb675ee631,0x0000000000000000000000000000000000000000,0x8488aedc397289cece518f3ffb58f0fea23ea6db,231,0x5eda70a3afc4582a5d9b1f119993ecb12da89cef50ba54a4fa0aeb80ccd65b0a,71,14647126
0x749cda693c2f29bf894df5b7060034cb675ee631,0x0000000000000000000000000000000000000000,0x8488aedc397289cece518f3ffb58f0fea23ea6db,232,0x5eda70a3afc4582a5d9b1f119993ecb12da89cef50ba54a4fa0aeb80ccd65b0a,72,14647126
0x749cda693c2f29bf894df5b7060034cb675ee631,0x0000000000000000000000000000000000000000,0x46e9b39248b8edbc78cd8ee550f71875e5297319,233,0xe5606e1848bf28ccc34711560d2f712db8993fc66d4d0c92640e04456df22243,21,14647699
0x749cda693c2f29bf894df5b7060034cb675ee631,0x0000000000000000000000000000000000000000,0x46e9b39248b8edbc78cd8ee550f71875e5297319,234,0xe5606e1848bf28ccc34711560d2f712db8993fc66d4d0c92640e04456df22243,22,14647699
0x749cda693c2f29bf894df5b7060034cb675ee631,0x0000000000000000000000000000000000000000,0x254485c908ee6bc3a6f17b7fafa265f105b8e3a4,236,0xea4049d451eaa4e67d6eaaf3b290cb848742422e8f6ca90c8760463ed7e5a6aa,16,14648235
0x749cda693c2f29bf894df5b7060034cb675ee631,0x0000000000000000000000000000000000000000,0x254485c908ee6bc3a6f17b7fafa265f105b8e3a4,237,0xea4049d451eaa4e67d6eaaf3b290cb848742422e8f6ca90c8760463ed7e5a6aa,17,14648235
0x749cda693c2f29bf894df5b7060034cb675ee631,0x0000000000000000000000000000000000000000,0x254485c908ee6bc3a6f17b7fafa265f105b8e3a4,238,0xea4049d451eaa4e67d6eaaf3b290cb848742422e8f6ca90c8760463ed7e5a6aa,18,14648235
0x749cda693c2f29bf894df5b7060034cb675ee631,0x0000000000000000000000000000000000000000,0x01274ca9bd879894461fe6110ec7203571ddc4c0,239,0xc01e4ae04034d79e3cd22f77190cd3b2fce52e9b832f7024a99721babc15f856,72,14648240
0x749cda693c2f29bf894df5b7060034cb675ee631,0x0000000000000000000000000000000000000000,0x01274ca9bd879894461fe6110ec7203571ddc4c0,240,0xc01e4ae04034d79e3cd22f77190cd3b2fce52e9b832f7024a99721babc15f856,73,14648240
0x749cda693c2f29bf894df5b7060034cb675ee631,0x0000000000000000000000000000000000000000,0xd6526d950b082ce83606dd676c46dd83735a589c,241,0xc97625449fce324c139a1ad336a24849994b72ded61d347588d0b9ba1b6cf579,21,14648267
0x749cda693c2f29bf894df5b7060034cb675ee631,0x0000000000000000000000000000000000000000,0xd6526d950b082ce83606dd676c46dd83735a589c,242,0xc97625449fce324c139a1ad336a24849994b72ded61d347588d0b9ba1b6cf579,22,14648267
0x749cda693c2f29bf894df5b7060034cb675ee631,0x0000000000000000000000000000000000000000,0xb8ebff0a23b361e86ea71be6f3275737c3da18b3,235,0x9d4fda552a7eeeee97ddbc1d3e3b017a0dfa0cf1bc17a406ec341f9d0e8865c1,50,14648012
0x749cda693c2f29bf894df5b7060034cb675ee631,0x0000000000000000000000000000000000000000,0x411d20d599e6a448ba71a37c965fd2ac4033031d,204,0x32f263ac4067164137c72603614e21e2a165e7ac8aa6ce9dc4af236f59a77e78,192,14646277
0x749cda693c2f29bf894df5b7060034cb675ee631,0x0000000000000000000000000000000000000000,0x411d20d599e6a448ba71a37c965fd2ac4033031d,205,0x32f263ac4067164137c72603614e21e2a165e7ac8aa6ce9dc4af236f59a77e78,193,14646277
0x749cda693c2f29bf894df5b7060034cb675ee631,0x0000000000000000000000000000000000000000,0x411d20d599e6a448ba71a37c965fd2ac4033031d,206,0x32f263ac4067164137c72603614e21e2a165e7ac8aa6ce9dc4af236f59a77e78,194,14646277
0x749cda693c2f29bf894df5b7060034cb675ee631,0x0000000000000000000000000000000000000000,0x411d20d599e6a448ba71a37c965fd2ac4033031d,207,0x32f263ac4067164137c72603614e21e2a165e7ac8aa6ce9dc4af236f59a77e78,195,14646277
0x749cda693c2f29bf894df5b7060034cb675ee631,0x0000000000000000000000000000000000000000,0x411d20d599e6a448ba71a37c965fd2ac4033031d,208,0x32f263ac4067164137c72603614e21e2a165e7ac8aa6ce9dc4af236f59a77e78,196,14646277
0x749cda693c2f29bf894df5b7060034cb675ee631,0x0000000000000000000000000000000000000000,0x3eb9ab7de16b9d768e894a22e2e8b10eba842954,209,0x9fbb63be7109c8a3e77ff11c0459b85e46c322d56d84398c4d3feb4306fb7729,39,14646355
0x749cda693c2f29bf894df5b7060034cb675ee631,0x0000000000000000000000000000000000000000,0x3eb9ab7de16b9d768e894a22e2e8b10eba842954,210,0x9fbb63be7109c8a3e77ff11c0459b85e46c322d56d84398c4d3feb4306fb7729,40,14646355
0x749cda693c2f29bf894df5b7060034cb675ee631,0x0000000000000000000000000000000000000000,0xd80ded5a06b6212f25cf6837b605d1ff05660911,243,0xa93f8d2605192b0af08fea99487483a819e1e7935fc68ef864f9da08c37e2875,49,14649052
0x749cda693c2f29bf894df5b7060034cb675ee631,0x0000000000000000000000000000000000000000,0xd80ded5a06b6212f25cf6837b605d1ff05660911,244,0xa93f8d2605192b0af08fea99487483a819e1e7935fc68ef864f9da08c37e2875,50,14649052
0x749cda693c2f29bf894df5b7060034cb675ee631,0x0000000000000000000000000000000000000000,0xb364b1409848483408bd51ea97de288e3f124d4f,211,0xa90b93582d45ee2d3b2a7fb2df3b2416451499a9ac01c50fb99e6d2d5242c148,114,14646388
0x749cda693c2f29bf894df5b7060034cb675ee631,0x0000000000000000000000000000000000000000,0xb364b1409848483408bd51ea97de288e3f124d4f,212,0xa90b93582d45ee2d3b2a7fb2df3b2416451499a9ac01c50fb99e6d2d5242c148,115,14646388
0x749cda693c2f29bf894df5b7060034cb675ee631,0x0000000000000000000000000000000000000000,0xb364b1409848483408bd51ea97de288e3f124d4f,213,0xa90b93582d45ee2d3b2a7fb2df3b2416451499a9ac01c50fb99e6d2d5242c148,116,14646388
0x749cda693c2f29bf894df5b7060034cb675ee631,0x0000000000000000000000000000000000000000,0xb364b1409848483408bd51ea97de288e3f124d4f,214,0xa90b93582d45ee2d3b2a7fb2df3b2416451499a9ac01c50fb99e6d2d5242c148,117,14646388
0x749cda693c2f29bf894df5b7060034cb675ee631,0x0000000000000000000000000000000000000000,0xb364b1409848483408bd51ea97de288e3f124d4f,215,0xa90b93582d45ee2d3b2a7fb2df3b2416451499a9ac01c50fb99e6d2d5242c148,118,14646388
0x749cda693c2f29bf894df5b7060034cb675ee631,0x0000000000000000000000000000000000000000,0xb364b1409848483408bd51ea97de288e3f124d4f,216,0xa90b93582d45ee2d3b2a7fb2df3b2416451499a9ac01c50fb99e6d2d5242c148,119,14646388
0x749cda693c2f29bf894df5b7060034cb675ee631,0x0000000000000000000000000000000000000000,0xb364b1409848483408bd51ea97de288e3f124d4f,217,0xa90b93582d45ee2d3b2a7fb2df3b2416451499a9ac01c50fb99e6d2d5242c148,120,14646388
0x749cda693c2f29bf894df5b7060034cb675ee631,0x0000000000000000000000000000000000000000,0xb364b1409848483408bd51ea97de288e3f124d4f,218,0xa90b93582d45ee2d3b2a7fb2df3b2416451499a9ac01c50fb99e6d2d5242c148,121,14646388
0x749cda693c2f29bf894df5b7060034cb675ee631,0x0000000000000000000000000000000000000000,0xb364b1409848483408bd51ea97de288e3f124d4f,219,0xa90b93582d45ee2d3b2a7fb2df3b2416451499a9ac01c50fb99e6d2d5242c148,122,14646388
0x749cda693c2f29bf894df5b7060034cb675ee631,0x0000000000000000000000000000000000000000,0xb364b1409848483408bd51ea97de288e3f124d4f,220,0xa90b93582d45ee2d3b2a7fb2df3b2416451499a9ac01c50fb99e6d2d5242c148,123,14646388
0x749cda693c2f29bf894df5b7060034cb675ee631,0x0000000000000000000000000000000000000000,0x7d276ff2cf9fe89b01699b226ca95b9408270279,221,0xe74938377535d2887dc91f52583eeb249da096f85d3f0fa8cf804876048d4237,69,14646467
0x749cda693c2f29bf894df5b7060034cb675ee631,0x0000000000000000000000000000000000000000,0x7d276ff2cf9fe89b01699b226ca95b9408270279,222,0xe74938377535d2887dc91f52583eeb249da096f85d3f0fa8cf804876048d4237,70,14646467
0x749cda693c2f29bf894df5b7060034cb675ee631,0x0000000000000000000000000000000000000000,0x238f3f8a0df9f67e1b4ce7f4b749141f219e4b0d,223,0x57db900a0456eea9881e7f1db0bb8be4055e83902101b391d42eb92a4d19b0dd,40,14646472
0x749cda693c2f29bf894df5b7060034cb675ee631,0x0000000000000000000000000000000000000000,0x238f3f8a0df9f67e1b4ce7f4b749141f219e4b0d,224,0x57db900a0456eea9881e7f1db0bb8be4055e83902101b391d42eb92a4d19b0dd,41,14646472
0x749cda693c2f29bf894df5b7060034cb675ee631,0x0000000000000000000000000000000000000000,0x238f3f8a0df9f67e1b4ce7f4b749141f219e4b0d,225,0x57db900a0456eea9881e7f1db0bb8be4055e83902101b391d42eb92a4d19b0dd,42,14646472
0x749cda693c2f29bf894df5b7060034cb675ee631,0x0000000000000000000000000000000000000000,0x238f3f8a0df9f67e1b4ce7f4b749141f219e4b0d,226,0x57db900a0456eea9881e7f1db0bb8be4055e83902101b391d42eb92a4d19b0dd,43,14646472
0x749cda693c2f29bf894df5b7060034cb675ee631,0xd80ded5a06b6212f25cf6837b605d1ff05660911,0xd2ae824a72b203769a8591d29a24a2502587b1ab,244,0xcb3ee2ac8e0dc68a33b4e8b2ea10faba0a8b32b7e8716b0d83cf8d5f52908423,220,14649515
0x749cda693c2f29bf894df5b7060034cb675ee631,0xd80ded5a06b6212f25cf6837b605d1ff05660911,0xd2ae824a72b203769a8591d29a24a2502587b1ab,243,0x132d2bdcc7c58004afe57fde101168d77c3861bb4bc615d87f18ca2d09c4fa86,703,14649520
0x749cda693c2f29bf894df5b7060034cb675ee631,0x0000000000000000000000000000000000000000,0x643bb72735e4912bd1a194a1c1517a5dcedbbfa8,245,0x6688113a128a7bf094083c80f509f29fc295e27b7a7a4fa011b891b22f4c48e0,87,14649551
